,NAME,GEO_ID,compinternet_series_total,compinternet_total_u18,compinternet_hascomputer_u18,compinternet_hascomputer_dialupinternetonly_u18,compinternet_hascomputer_broadbandinternet_u18,compinternet_hascomputer_withoutinternet_u18,compinternet_nocomputer_u18,compinternet_total_18to64,compinternet_hascomputer_18to64,compinternet_hascomputer_dialupinternetonly_18to64,compinternet_hascomputer_broadbandinternet_18to64,compinternet_hascomputer_withoutinternet_18to64,compinternet_nocomputer_18to64,compinternet_total_65over,compinternet_hascomputer_65over,compinternet_hascomputer_dialupinternetonly_65over,compinternet_hascomputer_broadbandinternet_65over,compinternet_hascomputer_withoutinternet_65over,compinternet_nocomputer_65over,attainment_total_over25_series,attainment_noschooling,attainment_nurseryschool,attainment_kindergarten,attainment_1stgrade,attainment_2ndgrade,attainment_3rdgrade,attainment_4thgrade,attainment_5thgrade,attainment_6thgrade,attainment_7thgrade,attainment_8thgrade,attainment_9thgrade,attainment_10thgrade,attainment_11thgrade,attainment_12thgradenodiploma,attainment_regularhighschooldiploma,attainment_gedoralternativecredential,attainment_somecollegelessthan1year,attainment_somecollege1ormoreyearsnodegree,attainment_associatesdegree,attainment_bachelorsdegree,attainment_mastersdegree,attainment_professionalschooldegree,attainment_doctoratedegree,lfstatus_total_sexbyagebyemploymentstatus16+_series,lfstatus_m_total,lfstatus_m_16to19,lfstatus_m_16to19_inlf,lfstatus_m_16to19_inlf_armedforces,lfstatus_m_16to19_inlf_civilian,lfstatus_m_16to19_inlf_civilian_employed,lfstatus_m_16to19_inlf_civilian_unemployed,lfstatus_m_16to19_notinlf,lfstatus_m_20to21,lfstatus_m_20to21_inlf,lfstatus_m_20to21_inlf_armedforces,lfstatus_m_20to21_inlf_civilian,lfstatus_m_20to21_inlf_civilian_employed,lfstatus_m_20to21_inlf_civilian_unemployed,lfstatus_m_20to21_notinlf,lfstatus_m_22to24,lfstatus_m_22to24_inlf,lfstatus_m_22to24_inlf_armedforces,lfstatus_m_22to24_inlf_civilian,lfstatus_m_22to24_inlf_civilian_employed,lfstatus_m_22to24_inlf_civilian_unemployed,lfstatus_m_22to24_notinlf,lfstatus_m_25to29,lfstatus_m_25to29_inlf,lfstatus_m_25to29_inlf_armedforces,lfstatus_m_25to29_inlf_civilian,lfstatus_m_25to29_inlf_civilian_employed,lfstatus_m_25to29_inlf_civilian_unemployed,lfstatus_m_25to29_notinlf,lfstatus_m_30to34,lfstatus_m_30to34_inlf,lfstatus_m_30to34_inlf_armedforces,lfstatus_m_30to34_inlf_civilian,lfstatus_m_30to34_inlf_civilian_employed,lfstatus_m_30to34_inlf_civilian_unemployed,lfstatus_m_30to34_notinlf,lfstatus_m_35to44,lfstatus_m_35to44_inlf,lfstatus_m_35to44_inlf_armedforces,lfstatus_m_35to44_inlf_civilian,lfstatus_m_35to44_inlf_civilian_employed,lfstatus_m_35to44_inlf_civilian_unemployed,lfstatus_m_35to44_notinlf,lfstatus_m_45to54,lfstatus_m_45to54_inlf,lfstatus_m_45to54_inlf_armedforces,lfstatus_m_45to54_inlf_civilian,lfstatus_m_45to54_inlf_civilian_employed,lfstatus_m_45to54_inlf_civilian_unemployed,lfstatus_m_45to54_notinlf,lfstatus_m_55to59,lfstatus_m_55to59_inlf,lfstatus_m_55to59_inlf_armedforces,lfstatus_m_55to59_inlf_civilian,lfstatus_m_55to59_inlf_civilian_employed,lfstatus_m_55to59_inlf_civilian_unemployed,lfstatus_m_55to59_notinlf,lfstatus_m_60to61,lfstatus_m_60to61_inlf,lfstatus_m_60to61_inlf_armedforces,lfstatus_m_60to61_inlf_civilian,lfstatus_m_60to61_inlf_civilian_employed,lfstatus_m_60to61_inlf_civilian_unemployed,lfstatus_m_60to61_notinlf,lfstatus_m_62to64,lfstatus_m_62to64_inlf,lfstatus_m_62to64_inlf_armedforces,lfstatus_m_62to64_inlf_civilian,lfstatus_m_62to64_inlf_civilian_employed,lfstatus_m_62to64_inlf_civilian_unemployed,lfstatus_m_62to64_notinlf,lfstatus_m_65to69,lfstatus_m_65to69_inlf,lfstatus_m_65to69_inlf_employed,lfstatus_m_65to69_inlf_unemployed,lfstatus_m_65to69_notinlf,lfstatus_m_70to74,lfstatus_m_70to74_inlf,lfstatus_m_70to74_inlf_employed,lfstatus_m_70to74_inlf_unemployed,lfstatus_m_70to74_notinlf,lfstatus_m_75andolder,lfstatus_m_75andolder_inlf,lfstatus_m_75andolder_inlf_employed,lfstatus_m_75andolder_inlf_unemployed,lfstatus_m_75andolder_notinlf,lfstatus_f_total,lfstatus_f_16to19,lfstatus_f_16to19_inlf,lfstatus_f_16to19_inlf_armedforces,lfstatus_f_16to19_inlf_civilian,lfstatus_f_16to19_inlf_civilian_employed,lfstatus_f_16to19_inlf_civilian_unemployed,lfstatus_f_16to19_notinlf,lfstatus_f_20to21,lfstatus_f_20to21_inlf,lfstatus_f_20to21_inlf_armedforces,lfstatus_f_20to21_inlf_civilian,lfstatus_f_20to21_inlf_civilian_employed,lfstatus_f_20to21_inlf_civilian_unemployed,lfstatus_f_20to21_notinlf,lfstatus_f_22to24,lfstatus_f_22to24_inlf,lfstatus_f_22to24_inlf_armedforces,lfstatus_f_22to24_inlf_civilian,lfstatus_f_22to24_inlf_civilian_employed,lfstatus_f_22to24_inlf_civilian_unemployed,lfstatus_f_22to24_notinlf,lfstatus_f_25to29,lfstatus_f_25to29_inlf,lfstatus_f_25to29_inlf_armedforces,lfstatus_f_25to29_inlf_civilian,lfstatus_f_25to29_inlf_civilian_employed,lfstatus_f_25to29_inlf_civilian_unemployed,lfstatus_f_25to29_notinlf,lfstatus_f_30to34,lfstatus_f_30to34_inlf,lfstatus_f_30to34_inlf_armedforces,lfstatus_f_30to34_inlf_civilian,lfstatus_f_30to34_inlf_civilian_employed,lfstatus_f_30to34_inlf_civilian_unemployed,lfstatus_f_30to34_notinlf,lfstatus_f_35to44,lfstatus_f_35to44_inlf,lfstatus_f_35to44_inlf_armedforces,lfstatus_f_35to44_inlf_civilian,lfstatus_f_35to44_inlf_civilian_employed,lfstatus_f_35to44_inlf_civilian_unemployed,lfstatus_f_35to44_notinlf,lfstatus_f_45to54,lfstatus_f_45to54_inlf,lfstatus_f_45to54_inlf_armedforces,lfstatus_f_45to54_inlf_civilian,lfstatus_f_45to54_inlf_civilian_employed,lfstatus_f_45to54_inlf_civilian_unemployed,lfstatus_f_45to54_notinlf,lfstatus_f_55to59,lfstatus_f_55to59_inlf,lfstatus_f_55to59_inlf_armedforces,lfstatus_f_55to59_inlf_civilian,lfstatus_f_55to59_inlf_civilian_employed,lfstatus_f_55to59_inlf_civilian_unemployed,lfstatus_f_55to59_notinlf,lfstatus_f_60to61,lfstatus_f_60to61_inlf,lfstatus_f_60to61_inlf_armedforces,lfstatus_f_60to61_inlf_civilian,lfstatus_f_60to61_inlf_civilian_employed,lfstatus_f_60to61_inlf_civilian_unemployed,lfstatus_f_60to61_notinlf,lfstatus_f_62to64,lfstatus_f_62to64_inlf,lfstatus_f_62to64_inlf_armedforces,lfstatus_f_62to64_inlf_civilian,lfstatus_f_62to64_inlf_civilian_employed,lfstatus_f_62to64_inlf_civilian_unemployed,lfstatus_f_62to64_notinlf,lfstatus_f_65to69,lfstatus_f_65to69_inlf,lfstatus_f_65to69_inlf_employed,lfstatus_f_65to69_inlf_unemployed,lfstatus_f_65to69_notinlf,lfstatus_f_70to74,lfstatus_f_70to74_inlf,lfstatus_f_70to74_inlf_employed,lfstatus_f_70to74_inlf_unemployed,lfstatus_f_70to74_notinlf,lfstatus_f_75andolder,lfstatus_f_75andolder_inlf,lfstatus_f_75andolder_inlf_employed,lfstatus_f_75andolder_inlf_unemployed,lfstatus_f_75andolder_notinlf,hhincome_median_hholderage_series_total,hhincome_median_hholderu25,hhincome_median_hholder25to44,hhincome_median_hholder45to64,hhincome_median_hholder65over,hhincome_median,hhincome_total_series,hhincome_lessthan10000,hhincome_10to14999,hhincome_15to19999,hhincome_20to24999,hhincome_25to29999,hhincome_30to34999,hhincome_35to39999,hhincome_40to44999,hhincome_45to49999,hhincome_50to59999,hhincome_60to74999,hhincome_75to99999,hhincome_100to124999,hhincome125to149999,hhincome150to199999,hhincome200ormore,earn_total_series,earn_total_m,earn_m_1to2499orloss,earn_m_2500to4999,earn_m_5000to7499,earn_m_7500to9999,earn_m_10000to12499,earn_m_12500to14999,earn_m_15000to17499,earn_m_17500to19999,earn_m_20000to22499,earn_m_22500to24999,earn_m_25000to29999,earn_m_30000to34999,earn_m_35000to39999,earn_m_40000to44999,earn_m_45000to49999,earn_m_50000to54999,earn_m_55000to64999,earn_m_65000to74999,earn_m_75000to99999,earn_m_100000ormore,earn_total_f,earn_f_1to2499orloss,earn_f_2500to4999,earn_f_5000to7499,earn_f_7500to9999,earn_f_10000to12499,earn_f_12500to14999,earn_f_15000to17499,earn_f_17500to19999,earn_f_20000to22499,earn_f_22500to24999,earn_f_25000to29999,earn_f_30000to34999,earn_f_35000to39999,earn_f_40000to44999,earn_f_45000to49999,earn_f_50000to54999,earn_f_55000to64999,earn_f_65000to74999,earn_f_75000to99999,earn_f_100000ormore,earn_allwithearnings_median,earn_total_fulltime_m,earn_total_m_fulltime_noearnings,earn_total_m_fulltime_withearnings,earn_m_fulltime_1to2499orloss,earn_m_fulltime_2500to4999,earn_m_fulltime_5000to7499,earn_m_fulltime_7500to9999,earn_m_fulltime_10000to12499,earn_m_fulltime_12500to14999,earn_m_fulltime_15000to17499,earn_m_fulltime_17500to19999,earn_m_fulltime_20000to22499,earn_m_fulltime_22500to24999,earn_m_fulltime_25000to29999,earn_m_fulltime_30000to34999,earn_m_fulltime_35000to39999,earn_m_fulltime_40000to44999,earn_m_fulltime_45000to49999,earn_m_fulltime_50000to54999,earn_m_fulltime_55000to64999,earn_m_fulltime_65000to74999,earn_m_fulltime_75000to99999,earn_m_fulltime_100000ormore,earn_total_f_workexperience,earn_total_fulltime_f,earn_total_f_fulltime_noearnings,earn_total_f_fulltime_withearnings,earn_f_fulltime_1to2499orloss,earn_f_fulltime_2500to4999,earn_f_fulltime_5000to7499,earn_f_fulltime_7500to9999,earn_f_fulltime_10000to12499,earn_f_fulltime_12500to14999,earn_f_fulltime_15000to17499,earn_f_fulltime_17500to19999,earn_f_fulltime_20000to22499,earn_f_fulltime_22500to24999,earn_f_fulltime_25000to29999,earn_f_fulltime_30000to34999,earn_f_fulltime_35000to39999,earn_f_fulltime_40000to44999,earn_f_fulltime_45000to49999,earn_f_fulltime_50000to54999,earn_f_fulltime_55000to64999,earn_f_fulltime_65000to74999,earn_f_fulltime_75000to99999,earn_f_fulltime_100000ormore,housingcost_mediangrossrent_renteroccupied,housingcost_medcosts_ownerocc,housingcost_medcosts_ownerocc_mortgage,housingcost_medcosts_ownerocc_womortgage,commute_total_meansoftransportationtowork_series,commute_cartruckvan,commute_cartruckvan_drovealone,commute_cartruckvan_carpooled,commute_cartruckvan_carpooled_2ppl,commute_cartruckvan_carpooled_3ppl,commute_cartruckvan_carpooled_4ormoreppl,commute_publictransportation,commute_publictransportation_bus,commute_publictransportation_subwayorelevatedrail,commute_publictransportation_longdistancetrainorcommuterrail,commute_publictransportation_lightrailstreetcarortrolley,commute_publictransportation_ferryboat,commute_bicycle,commute_walk,commute_taxicabmotorcycleother,commute_workedfromhome,traveltimemode_series_total,traveltimemode_lessthan10,traveltimemode_10to14,traveltimemode_15to19,traveltimemode_20to24,traveltimemode_25to29,traveltimemode_30to34,traveltimemode_35to44,traveltimemode_45to59,traveltimemode_60ormore,housingcost_total_selectedownercosts%hhincome_series,housingcost_total%ownercostwmortgage_series,housingcost_%ownercost30to34.9_wmortgage,housingcost_%ownercost35to39.9_wmortgage,housingcost_%ownercost40to49.9_wmortgage,housingcost_%ownercost50+_wmortgage,housingcost_total%ownercostwomortgage_series,housingcost_%ownercost30to34.9_womortgage,housingcost_%ownercost35to39.9_womortgage,housingcost_%ownercost40to49.9_womortgage,housingcost_%ownercost50+_womortgage,housingcost_total_rent%hhincome_series,housingcost_%rentercost30to34.9,housingcost_%rentercost35to39.9,housingcost_%rentercost40to49.9,housingcost_%rentercost50+,aggregatetraveltimetowork
0,"Robertson County, Tennessee",0500000US47147,67637.0,17030.0,16184.0,18.0,14506.0,1660.0,846.0,41513.0,38206.0,274.0,34544.0,3388.0,3307.0,9094.0,6484.0,104.0,5715.0,665.0,2610.0,46223.0,390.0,15.0,0.0,0.0,24.0,142.0,104.0,89.0,172.0,119.0,1046.0,763.0,1100.0,1525.0,648.0,14961.0,3318.0,3788.0,5944.0,3703.0,5617.0,2172.0,310.0,273.0,53703.0,26160.0,1895.0,940.0,0.0,940.0,685.0,255.0,955.0,819.0,656.0,0.0,656.0,613.0,43.0,163.0,1021.0,848.0,1.0,847.0,751.0,96.0,173.0,2169.0,2014.0,0.0,2014.0,1913.0,101.0,155.0,2190.0,1943.0,42.0,1901.0,1778.0,123.0,247.0,4437.0,3904.0,10.0,3894.0,3741.0,153.0,533.0,4904.0,4351.0,25.0,4326.0,4134.0,192.0,553.0,2657.0,2092.0,0.0,2092.0,1959.0,133.0,565.0,717.0,507.0,0.0,507.0,477.0,30.0,210.0,1084.0,628.0,0.0,628.0,605.0,23.0,456.0,1787.0,546.0,538.0,8.0,1241.0,957.0,183.0,177.0,6.0,774.0,1523.0,136.0,120.0,16.0,1387.0,27543.0,1816.0,845.0,0.0,845.0,648.0,197.0,971.0,665.0,536.0,0.0,536.0,466.0,70.0,129.0,1264.0,1042.0,0.0,1042.0,946.0,96.0,222.0,2066.0,1596.0,0.0,1596.0,1451.0,145.0,470.0,2218.0,1689.0,0.0,1689.0,1477.0,212.0,529.0,4638.0,3598.0,0.0,3598.0,3289.0,309.0,1040.0,5068.0,3874.0,0.0,3874.0,3789.0,85.0,1194.0,2507.0,1666.0,0.0,1666.0,1569.0,97.0,841.0,1040.0,486.0,0.0,486.0,469.0,17.0,554.0,1132.0,527.0,0.0,527.0,518.0,9.0,605.0,1853.0,489.0,464.0,25.0,1364.0,1091.0,73.0,73.0,0.0,1018.0,2185.0,76.0,76.0,0.0,2109.0,57424.0,25142.0,62142.0,62991.0,41426.0,57424.0,25065.0,1166.0,875.0,902.0,1325.0,1183.0,1553.0,1404.0,1189.0,1129.0,2463.0,3142.0,3592.0,2144.0,1320.0,969.0,709.0,36587.0,19419.0,897.0,636.0,680.0,268.0,712.0,408.0,397.0,662.0,718.0,711.0,1184.0,1808.0,1530.0,1356.0,822.0,1333.0,1394.0,975.0,1430.0,1498.0,17168.0,1102.0,891.0,922.0,552.0,989.0,635.0,966.0,486.0,786.0,615.0,1397.0,1668.0,1347.0,1139.0,704.0,771.0,770.0,459.0,628.0,341.0,31755.0,14352.0,0.0,14352.0,34.0,0.0,33.0,61.0,169.0,187.0,240.0,420.0,555.0,501.0,982.0,1588.0,1269.0,1214.0,744.0,1330.0,1294.0,950.0,1391.0,1390.0,27543.0,10662.0,0.0,10662.0,28.0,40.0,232.0,47.0,239.0,208.0,520.0,391.0,545.0,434.0,1199.0,1333.0,1189.0,1032.0,578.0,670.0,677.0,410.0,601.0,289.0,851.0,1001.0,1228.0,427.0,32039.0,29556.0,26626.0,2930.0,2133.0,415.0,382.0,125.0,103.0,22.0,0.0,0.0,0.0,37.0,345.0,617.0,1359.0,30680.0,3603.0,3817.0,3294.0,3496.0,1656.0,4284.0,2993.0,4177.0,3360.0,18748.0,12208.0,976.0,535.0,494.0,1110.0,6540.0,140.0,84.0,121.0,266.0,6317.0,603.0,354.0,503.0,1227.0,897945.0
1,"Cheatham County, Tennessee",0500000US47021,39384.0,9209.0,8922.0,93.0,7712.0,1117.0,287.0,24862.0,22845.0,175.0,20663.0,2007.0,2017.0,5313.0,3940.0,58.0,3417.0,465.0,1373.0,27319.0,96.0,0.0,0.0,0.0,0.0,4.0,18.0,49.0,109.0,142.0,534.0,512.0,976.0,1035.0,326.0,8501.0,1943.0,1806.0,3862.0,2105.0,3514.0,1397.0,170.0,220.0,31686.0,15596.0,1154.0,408.0,0.0,408.0,310.0,98.0,746.0,552.0,503.0,0.0,503.0,473.0,30.0,49.0,573.0,504.0,0.0,504.0,479.0,25.0,69.0,1220.0,1015.0,13.0,1002.0,969.0,33.0,205.0,1154.0,1037.0,13.0,1024.0,984.0,40.0,117.0,2535.0,2292.0,0.0,2292.0,2226.0,66.0,243.0,3165.0,2758.0,0.0,2758.0,2718.0,40.0,407.0,1554.0,1286.0,0.0,1286.0,1254.0,32.0,268.0,497.0,358.0,0.0,358.0,334.0,24.0,139.0,657.0,276.0,0.0,276.0,255.0,21.0,381.0,1134.0,304.0,288.0,16.0,830.0,569.0,96.0,89.0,7.0,473.0,832.0,71.0,71.0,0.0,761.0,16090.0,954.0,459.0,0.0,459.0,369.0,90.0,495.0,617.0,469.0,0.0,469.0,447.0,22.0,148.0,517.0,458.0,0.0,458.0,403.0,55.0,59.0,1149.0,932.0,0.0,932.0,862.0,70.0,217.0,1222.0,886.0,0.0,886.0,825.0,61.0,336.0,2653.0,2033.0,0.0,2033.0,1851.0,182.0,620.0,3215.0,2343.0,0.0,2343.0,2155.0,188.0,872.0,1634.0,1073.0,0.0,1073.0,1059.0,14.0,561.0,490.0,235.0,0.0,235.0,235.0,0.0,255.0,701.0,172.0,0.0,172.0,172.0,0.0,529.0,1134.0,267.0,267.0,0.0,867.0,645.0,35.0,35.0,0.0,610.0,1159.0,46.0,40.0,6.0,1113.0,56150.0,28906.0,60056.0,64110.0,37208.0,56150.0,14671.0,791.0,357.0,712.0,900.0,731.0,838.0,731.0,724.0,664.0,1422.0,1748.0,2120.0,1343.0,774.0,494.0,322.0,21069.0,11234.0,350.0,332.0,315.0,183.0,186.0,334.0,351.0,389.0,678.0,285.0,787.0,956.0,999.0,849.0,456.0,657.0,957.0,511.0,908.0,751.0,9835.0,877.0,680.0,411.0,344.0,408.0,369.0,417.0,230.0,316.0,325.0,726.0,888.0,676.0,683.0,390.0,519.0,603.0,375.0,269.0,329.0,32920.0,8408.0,0.0,8408.0,9.0,7.0,14.0,19.0,47.0,95.0,222.0,210.0,510.0,231.0,631.0,794.0,913.0,767.0,424.0,616.0,884.0,458.0,880.0,677.0,16090.0,6035.0,0.0,6035.0,39.0,7.0,18.0,95.0,124.0,113.0,269.0,166.0,186.0,220.0,576.0,756.0,580.0,618.0,371.0,464.0,563.0,335.0,238.0,297.0,948.0,983.0,1224.0,400.0,18806.0,17495.0,15790.0,1705.0,1266.0,257.0,182.0,66.0,49.0,2.0,15.0,0.0,0.0,0.0,185.0,231.0,829.0,17977.0,1145.0,1109.0,1666.0,2095.0,1328.0,3519.0,2788.0,2504.0,1823.0,11599.0,7726.0,577.0,334.0,505.0,720.0,3873.0,69.0,87.0,119.0,128.0,3072.0,252.0,133.0,331.0,691.0,576080.0
2,"Sumner County, Tennessee",0500000US47165,174288.0,42513.0,41321.0,14.0,38256.0,3051.0,1192.0,106360.0,100485.0,380.0,93098.0,7007.0,5875.0,25415.0,19266.0,265.0,17265.0,1736.0,6149.0,119289.0,1119.0,20.0,40.0,51.0,53.0,242.0,93.0,137.0,439.0,610.0,1470.0,1462.0,2368.0,2430.0,1866.0,30883.0,6611.0,9576.0,18553.0,9606.0,21302.0,7703.0,1667.0,988.0,138282.0,66689.0,4619.0,2240.0,0.0,2240.0,1874.0,366.0,2379.0,1931.0,1399.0,17.0,1382.0,1269.0,113.0,532.0,3332.0,2597.0,52.0,2545.0,2349.0,196.0,735.0,4980.0,4503.0,31.0,4472.0,4211.0,261.0,477.0,5292.0,4736.0,36.0,4700.0,4484.0,216.0,556.0,11604.0,10657.0,30.0,10627.0,10329.0,298.0,947.0,12482.0,11107.0,19.0,11088.0,10811.0,277.0,1375.0,5580.0,4424.0,0.0,4424.0,4282.0,142.0,1156.0,2340.0,1812.0,0.0,1812.0,1787.0,25.0,528.0,2982.0,1896.0,0.0,1896.0,1797.0,99.0,1086.0,4535.0,1582.0,1534.0,48.0,2953.0,2993.0,615.0,609.0,6.0,2378.0,4019.0,543.0,529.0,14.0,3476.0,71593.0,4326.0,2048.0,0.0,2048.0,1873.0,175.0,2278.0,1420.0,1109.0,16.0,1093.0,959.0,134.0,311.0,3365.0,2819.0,0.0,2819.0,2639.0,180.0,546.0,5332.0,4336.0,4.0,4332.0,4144.0,188.0,996.0,5767.0,4384.0,0.0,4384.0,4223.0,161.0,1383.0,12173.0,9372.0,13.0,9359.0,8971.0,388.0,2801.0,13023.0,9944.0,0.0,9944.0,9523.0,421.0,3079.0,6059.0,4024.0,0.0,4024.0,3843.0,181.0,2035.0,2335.0,1400.0,0.0,1400.0,1329.0,71.0,935.0,3314.0,1948.0,0.0,1948.0,1867.0,81.0,1366.0,4869.0,1589.0,1525.0,64.0,3280.0,3534.0,408.0,408.0,0.0,3126.0,6076.0,329.0,329.0,0.0,5747.0,61584.0,38207.0,66347.0,72801.0,41790.0,61584.0,64600.0,2838.0,2471.0,2480.0,3213.0,2447.0,3199.0,3194.0,3084.0,2889.0,5628.0,7632.0,9093.0,6174.0,3427.0,3711.0,3120.0,95396.0,49909.0,2021.0,1630.0,1771.0,1238.0,1465.0,1123.0,1600.0,1288.0,1749.0,1176.0,3218.0,3398.0,3012.0,2973.0,2045.0,2880.0,3864.0,2618.0,4762.0,6078.0,45487.0,3119.0,2031.0,2194.0,1494.0,1803.0,1971.0,1708.0,1518.0,2512.0,1861.0,3612.0,3906.0,2997.0,2865.0,2381.0,1831.0,2695.0,1349.0,1762.0,1878.0,32941.0,35890.0,0.0,35890.0,48.0,64.0,71.0,185.0,244.0,472.0,521.0,893.0,1229.0,960.0,2624.0,2926.0,2716.0,2669.0,1727.0,2502.0,3669.0,2507.0,4357.0,5506.0,71593.0,28115.0,0.0,28115.0,0.0,64.0,116.0,213.0,557.0,791.0,728.0,940.0,1574.0,1384.0,2993.0,3107.0,2521.0,2480.0,2024.0,1612.0,2376.0,1265.0,1633.0,1737.0,930.0,1075.0,1381.0,426.0,86052.0,79483.0,72215.0,7268.0,5887.0,925.0,456.0,379.0,367.0,1.0,0.0,0.0,11.0,80.0,521.0,1150.0,4439.0,81613.0,8983.0,10404.0,10877.0,9640.0,5041.0,12097.0,7523.0,9648.0,7400.0,47485.0,32279.0,2495.0,1338.0,1852.0,2704.0,15206.0,282.0,215.0,345.0,531.0,17115.0,1239.0,866.0,1882.0,3453.0,2271375.0
3,"Trousdale County, Tennessee",0500000US47169,8655.0,1866.0,1641.0,25.0,1278.0,338.0,225.0,5491.0,4222.0,39.0,3466.0,717.0,1269.0,1298.0,691.0,10.0,594.0,87.0,607.0,5999.0,109.0,0.0,0.0,5.0,8.0,8.0,0.0,0.0,102.0,58.0,214.0,126.0,161.0,291.0,127.0,1976.0,421.0,398.0,820.0,262.0,645.0,229.0,27.0,12.0,7097.0,3698.0,291.0,71.0,0.0,71.0,71.0,0.0,220.0,175.0,68.0,0.0,68.0,68.0,0.0,107.0,229.0,28.0,0.0,28.0,12.0,16.0,201.0,404.0,323.0,0.0,323.0,265.0,58.0,81.0,337.0,331.0,0.0,331.0,294.0,37.0,6.0,562.0,408.0,0.0,408.0,397.0,11.0,154.0,627.0,506.0,0.0,506.0,465.0,41.0,121.0,266.0,193.0,0.0,193.0,188.0,5.0,73.0,94.0,10.0,0.0,10.0,10.0,0.0,84.0,110.0,37.0,0.0,37.0,37.0,0.0,73.0,270.0,51.0,51.0,0.0,219.0,131.0,45.0,45.0,0.0,86.0,202.0,7.0,7.0,0.0,195.0,3399.0,88.0,64.0,0.0,64.0,14.0,50.0,24.0,127.0,127.0,0.0,127.0,127.0,0.0,0.0,188.0,155.0,0.0,155.0,155.0,0.0,33.0,251.0,240.0,0.0,240.0,240.0,0.0,11.0,285.0,251.0,0.0,251.0,231.0,20.0,34.0,534.0,324.0,0.0,324.0,324.0,0.0,210.0,563.0,403.0,0.0,403.0,312.0,91.0,160.0,359.0,299.0,0.0,299.0,299.0,0.0,60.0,102.0,45.0,0.0,45.0,30.0,15.0,57.0,144.0,49.0,0.0,49.0,49.0,0.0,95.0,188.0,72.0,72.0,0.0,116.0,282.0,63.0,63.0,0.0,219.0,288.0,8.0,8.0,0.0,280.0,41776.0,85777.0,55987.0,31198.0,49712.0,41776.0,2944.0,214.0,170.0,184.0,207.0,375.0,59.0,187.0,115.0,81.0,367.0,256.0,401.0,116.0,67.0,119.0,26.0,4264.0,2158.0,105.0,33.0,60.0,79.0,77.0,87.0,81.0,57.0,65.0,9.0,192.0,205.0,124.0,78.0,151.0,138.0,247.0,126.0,159.0,85.0,2106.0,261.0,58.0,151.0,130.0,82.0,65.0,76.0,69.0,122.0,73.0,372.0,133.0,98.0,32.0,29.0,54.0,158.0,0.0,115.0,28.0,27624.0,1578.0,0.0,1578.0,0.0,0.0,0.0,0.0,0.0,85.0,5.0,11.0,65.0,0.0,137.0,199.0,122.0,63.0,151.0,137.0,233.0,126.0,159.0,85.0,3399.0,1284.0,0.0,1284.0,0.0,15.0,63.0,0.0,0.0,30.0,39.0,31.0,105.0,73.0,317.0,121.0,89.0,32.0,29.0,39.0,158.0,0.0,115.0,28.0,613.0,633.0,1033.0,353.0,3749.0,3523.0,2926.0,597.0,474.0,72.0,51.0,3.0,0.0,0.0,0.0,3.0,0.0,0.0,40.0,0.0,183.0,3566.0,491.0,512.0,261.0,290.0,220.0,536.0,386.0,322.0,548.0,2101.0,1149.0,120.0,52.0,55.0,189.0,952.0,15.0,10.0,72.0,28.0,843.0,24.0,46.0,81.0,181.0,103975.0
4,"Williamson County, Tennessee",0500000US47187,211700.0,59126.0,58391.0,74.0,56514.0,1803.0,735.0,127437.0,124981.0,103.0,120010.0,4868.0,2456.0,25137.0,21776.0,182.0,20026.0,1568.0,3361.0,137338.0,605.0,0.0,27.0,0.0,31.0,73.0,45.0,137.0,686.0,108.0,792.0,534.0,921.0,884.0,1309.0,17275.0,2469.0,6241.0,16688.0,8711.0,50465.0,21055.0,4830.0,3452.0,160261.0,77295.0,6312.0,2657.0,0.0,2657.0,2424.0,233.0,3655.0,1979.0,1502.0,0.0,1502.0,1262.0,240.0,477.0,3326.0,2811.0,0.0,2811.0,2517.0,294.0,515.0,4317.0,4086.0,7.0,4079.0,3841.0,238.0,231.0,5033.0,4845.0,13.0,4832.0,4709.0,123.0,188.0,15198.0,14841.0,53.0,14788.0,14632.0,156.0,357.0,16279.0,15275.0,5.0,15270.0,14887.0,383.0,1004.0,7765.0,6936.0,0.0,6936.0,6719.0,217.0,829.0,2139.0,1864.0,0.0,1864.0,1832.0,32.0,275.0,3331.0,2249.0,0.0,2249.0,2181.0,68.0,1082.0,4906.0,2300.0,2248.0,52.0,2606.0,2748.0,813.0,805.0,8.0,1935.0,3962.0,628.0,621.0,7.0,3334.0,82966.0,6034.0,2373.0,0.0,2373.0,2162.0,211.0,3661.0,1813.0,1346.0,0.0,1346.0,1333.0,13.0,467.0,3459.0,3079.0,0.0,3079.0,2902.0,177.0,380.0,4279.0,3610.0,0.0,3610.0,3475.0,135.0,669.0,5949.0,4467.0,0.0,4467.0,4311.0,156.0,1482.0,16215.0,10964.0,5.0,10959.0,10638.0,321.0,5251.0,17379.0,12531.0,0.0,12531.0,11854.0,677.0,4848.0,7568.0,4893.0,0.0,4893.0,4804.0,89.0,2675.0,2804.0,1438.0,0.0,1438.0,1430.0,8.0,1366.0,3623.0,1621.0,0.0,1621.0,1590.0,31.0,2002.0,5340.0,1667.0,1648.0,19.0,3673.0,2872.0,734.0,720.0,14.0,2138.0,5631.0,189.0,189.0,0.0,5442.0,103543.0,36607.0,110413.0,121181.0,64778.0,103543.0,73160.0,1689.0,1323.0,1577.0,1858.0,1656.0,1607.0,2024.0,2168.0,1818.0,4063.0,5615.0,9447.0,9208.0,6703.0,8659.0,13745.0,114674.0,62793.0,3554.0,1847.0,1387.0,1052.0,1161.0,966.0,1258.0,961.0,1621.0,959.0,2379.0,1919.0,2082.0,2505.0,1807.0,2534.0,3402.0,3625.0,6703.0,21071.0,51881.0,4838.0,2696.0,2044.0,1259.0,2389.0,1526.0,1793.0,1122.0,2076.0,1291.0,2562.0,2565.0,2534.0,2619.0,2142.0,2340.0,2983.0,2455.0,4790.0,5857.0,47511.0,46526.0,4.0,46522.0,203.0,18.0,163.0,124.0,216.0,357.0,482.0,597.0,892.0,662.0,1653.0,1348.0,1659.0,2177.0,1604.0,2287.0,3186.0,3263.0,5946.0,19685.0,82966.0,28505.0,48.0,28457.0,52.0,78.0,178.0,63.0,471.0,293.0,453.0,507.0,891.0,728.0,1479.0,1640.0,1912.0,1910.0,1720.0,1969.0,2371.0,2067.0,4348.0,5327.0,1364.0,1617.0,2045.0,536.0,103722.0,91707.0,83896.0,7811.0,6144.0,1127.0,540.0,346.0,247.0,0.0,7.0,81.0,11.0,32.0,1056.0,1215.0,9366.0,94356.0,9115.0,10871.0,12303.0,11862.0,7683.0,16690.0,9747.0,10145.0,5940.0,58932.0,42549.0,2334.0,1635.0,1709.0,3035.0,16383.0,250.0,206.0,253.0,598.0,14228.0,1311.0,943.0,952.0,2559.0,2576175.0
5,"Humphreys County, Tennessee",0500000US47085,18052.0,3869.0,3823.0,11.0,3271.0,541.0,46.0,10750.0,9272.0,36.0,8044.0,1192.0,1478.0,3433.0,2018.0,77.0,1743.0,198.0,1415.0,12890.0,161.0,0.0,0.0,0.0,0.0,8.0,5.0,2.0,12.0,40.0,449.0,198.0,413.0,589.0,305.0,4553.0,1168.0,853.0,1905.0,613.0,921.0,598.0,59.0,38.0,14821.0,7212.0,450.0,79.0,0.0,79.0,69.0,10.0,371.0,145.0,127.0,0.0,127.0,104.0,23.0,18.0,341.0,320.0,0.0,320.0,302.0,18.0,21.0,516.0,408.0,8.0,400.0,376.0,24.0,108.0,501.0,385.0,0.0,385.0,376.0,9.0,116.0,1135.0,925.0,0.0,925.0,899.0,26.0,210.0,1222.0,989.0,0.0,989.0,954.0,35.0,233.0,659.0,421.0,0.0,421.0,401.0,20.0,238.0,358.0,238.0,0.0,238.0,232.0,6.0,120.0,280.0,112.0,0.0,112.0,112.0,0.0,168.0,528.0,59.0,59.0,0.0,469.0,481.0,53.0,49.0,4.0,428.0,596.0,52.0,52.0,0.0,544.0,7609.0,426.0,104.0,0.0,104.0,67.0,37.0,322.0,165.0,98.0,0.0,98.0,98.0,0.0,67.0,404.0,243.0,0.0,243.0,200.0,43.0,161.0,510.0,348.0,0.0,348.0,247.0,101.0,162.0,484.0,343.0,0.0,343.0,325.0,18.0,141.0,1140.0,815.0,0.0,815.0,753.0,62.0,325.0,1269.0,852.0,0.0,852.0,816.0,36.0,417.0,660.0,328.0,0.0,328.0,318.0,10.0,332.0,272.0,85.0,0.0,85.0,74.0,11.0,187.0,382.0,124.0,0.0,124.0,124.0,0.0,258.0,552.0,109.0,109.0,0.0,443.0,531.0,23.0,23.0,0.0,508.0,814.0,63.0,63.0,0.0,751.0,40998.0,34926.0,40532.0,47630.0,33194.0,40998.0,7064.0,660.0,461.0,509.0,559.0,421.0,330.0,489.0,497.0,297.0,496.0,622.0,822.0,486.0,134.0,133.0,148.0,8154.0,4372.0,223.0,179.0,146.0,67.0,219.0,130.0,98.0,182.0,361.0,106.0,320.0,370.0,253.0,374.0,141.0,193.0,184.0,159.0,307.0,360.0,3782.0,290.0,218.0,278.0,146.0,243.0,215.0,240.0,207.0,166.0,155.0,245.0,208.0,254.0,304.0,80.0,93.0,124.0,102.0,87.0,127.0,26461.0,3172.0,0.0,3172.0,0.0,21.0,23.0,13.0,116.0,44.0,65.0,168.0,201.0,97.0,249.0,312.0,244.0,374.0,141.0,184.0,172.0,145.0,264.0,339.0,7609.0,2108.0,0.0,2108.0,0.0,20.0,5.0,46.0,29.0,60.0,83.0,191.0,139.0,130.0,216.0,166.0,198.0,279.0,65.0,71.0,94.0,102.0,87.0,127.0,632.0,645.0,998.0,337.0,7100.0,6819.0,6116.0,703.0,578.0,110.0,15.0,0.0,0.0,0.0,0.0,0.0,0.0,34.0,56.0,66.0,125.0,6975.0,1304.0,724.0,753.0,1031.0,424.0,1121.0,357.0,543.0,718.0,5432.0,2967.0,137.0,245.0,193.0,271.0,2465.0,45.0,44.0,79.0,55.0,1632.0,110.0,38.0,180.0,387.0,191835.0
6,"Stewart County, Tennessee",0500000US47161,13119.0,2827.0,2568.0,0.0,2049.0,519.0,259.0,7821.0,6729.0,24.0,5685.0,1020.0,1092.0,2471.0,1483.0,17.0,1246.0,220.0,988.0,9417.0,97.0,0.0,0.0,0.0,0.0,7.0,4.0,26.0,0.0,29.0,215.0,59.0,161.0,351.0,238.0,3300.0,706.0,830.0,1252.0,718.0,909.0,375.0,52.0,88.0,10795.0,5310.0,325.0,167.0,0.0,167.0,142.0,25.0,158.0,200.0,168.0,0.0,168.0,119.0,49.0,32.0,168.0,161.0,0.0,161.0,138.0,23.0,7.0,397.0,245.0,21.0,224.0,141.0,83.0,152.0,301.0,262.0,17.0,245.0,207.0,38.0,39.0,772.0,714.0,29.0,685.0,642.0,43.0,58.0,996.0,765.0,0.0,765.0,671.0,94.0,231.0,380.0,311.0,36.0,275.0,275.0,0.0,69.0,241.0,122.0,0.0,122.0,107.0,15.0,119.0,330.0,90.0,0.0,90.0,90.0,0.0,240.0,445.0,76.0,76.0,0.0,369.0,351.0,34.0,21.0,13.0,317.0,404.0,5.0,5.0,0.0,399.0,5485.0,353.0,120.0,0.0,120.0,101.0,19.0,233.0,106.0,48.0,0.0,48.0,48.0,0.0,58.0,226.0,168.0,0.0,168.0,153.0,15.0,58.0,324.0,270.0,0.0,270.0,246.0,24.0,54.0,378.0,268.0,0.0,268.0,266.0,2.0,110.0,730.0,523.0,0.0,523.0,503.0,20.0,207.0,1017.0,571.0,0.0,571.0,571.0,0.0,446.0,536.0,295.0,0.0,295.0,295.0,0.0,241.0,339.0,231.0,0.0,231.0,231.0,0.0,108.0,119.0,33.0,0.0,33.0,33.0,0.0,86.0,432.0,32.0,32.0,0.0,400.0,355.0,41.0,41.0,0.0,314.0,570.0,27.0,27.0,0.0,543.0,44090.0,37089.0,50250.0,49617.0,35707.0,44090.0,5315.0,418.0,283.0,314.0,418.0,245.0,281.0,468.0,268.0,266.0,519.0,582.0,561.0,286.0,211.0,136.0,59.0,5990.0,3171.0,142.0,272.0,118.0,116.0,136.0,104.0,111.0,31.0,95.0,111.0,126.0,184.0,214.0,226.0,225.0,150.0,200.0,223.0,229.0,158.0,2819.0,208.0,93.0,204.0,137.0,334.0,197.0,97.0,102.0,217.0,131.0,153.0,202.0,133.0,190.0,86.0,94.0,86.0,59.0,48.0,48.0,25833.0,2035.0,0.0,2035.0,10.0,0.0,0.0,8.0,44.0,17.0,61.0,5.0,90.0,85.0,91.0,137.0,212.0,199.0,188.0,119.0,198.0,223.0,208.0,140.0,5485.0,1667.0,0.0,1667.0,8.0,0.0,109.0,0.0,124.0,130.0,63.0,53.0,156.0,104.0,124.0,153.0,125.0,150.0,86.0,94.0,63.0,55.0,31.0,39.0,628.0,769.0,1023.0,366.0,5116.0,4757.0,4214.0,543.0,455.0,88.0,0.0,17.0,15.0,0.0,2.0,0.0,0.0,0.0,66.0,151.0,125.0,4991.0,673.0,482.0,567.0,188.0,262.0,541.0,633.0,936.0,709.0,3769.0,2277.0,147.0,112.0,58.0,297.0,1492.0,31.0,67.0,30.0,136.0,1546.0,122.0,70.0,61.0,170.0,172995.0
7,"Davidson County, Tennessee",0500000US47037,656836.0,144817.0,137563.0,245.0,118369.0,18949.0,7254.0,436721.0,409351.0,930.0,363964.0,44457.0,27370.0,75298.0,58213.0,564.0,51891.0,5758.0,17085.0,464026.0,7120.0,58.0,543.0,220.0,351.0,1110.0,1187.0,1014.0,3769.0,2096.0,4697.0,7233.0,7877.0,10556.0,7737.0,89773.0,16800.0,23756.0,66804.0,29900.0,114156.0,45394.0,12817.0,9058.0,546674.0,260481.0,15767.0,6768.0,0.0,6768.0,5269.0,1499.0,8999.0,9438.0,6713.0,0.0,6713.0,5769.0,944.0,2725.0,14876.0,12145.0,8.0,12137.0,11310.0,827.0,2731.0,33141.0,29666.0,132.0,29534.0,28233.0,1301.0,3475.0,30733.0,28152.0,56.0,28096.0,27242.0,854.0,2581.0,46738.0,42464.0,87.0,42377.0,40978.0,1399.0,4274.0,41017.0,35211.0,60.0,35151.0,33600.0,1551.0,5806.0,19726.0,15236.0,0.0,15236.0,14364.0,872.0,4490.0,8008.0,5436.0,0.0,5436.0,5258.0,178.0,2572.0,8774.0,5248.0,0.0,5248.0,5051.0,197.0,3526.0,12640.0,5419.0,5284.0,135.0,7221.0,7963.0,2505.0,2431.0,74.0,5458.0,11660.0,1602.0,1561.0,41.0,10058.0,286193.0,15727.0,6921.0,0.0,6921.0,5519.0,1402.0,8806.0,9374.0,6515.0,0.0,6515.0,5469.0,1046.0,2859.0,17466.0,13953.0,8.0,13945.0,12944.0,1001.0,3513.0,36816.0,30556.0,28.0,30528.0,29099.0,1429.0,6260.0,31311.0,25918.0,0.0,25918.0,24916.0,1002.0,5393.0,46164.0,36357.0,33.0,36324.0,34813.0,1511.0,9807.0,42684.0,33526.0,36.0,33490.0,31826.0,1664.0,9158.0,22340.0,15833.0,0.0,15833.0,15209.0,624.0,6507.0,8682.0,5237.0,0.0,5237.0,4994.0,243.0,3445.0,10437.0,5486.0,0.0,5486.0,5350.0,136.0,4951.0,15345.0,5167.0,4903.0,264.0,10178.0,9766.0,1609.0,1515.0,94.0,8157.0,20081.0,1218.0,1182.0,36.0,18863.0,53419.0,33285.0,56511.0,59239.0,44841.0,53419.0,273497.0,18775.0,12120.0,12329.0,14813.0,13815.0,14104.0,14019.0,14385.0,12386.0,23723.0,28988.0,33769.0,21104.0,12232.0,12579.0,14356.0,400441.0,204195.0,10648.0,7017.0,6384.0,4842.0,8270.0,5364.0,7068.0,7431.0,9751.0,7486.0,15299.0,15322.0,13079.0,12086.0,8531.0,9801.0,11264.0,9007.0,14044.0,21501.0,196246.0,12608.0,8966.0,9085.0,6501.0,8829.0,6775.0,7102.0,6732.0,9492.0,6629.0,14694.0,15886.0,13907.0,13089.0,9548.0,8441.0,12041.0,6944.0,9037.0,9940.0,31541.0,139252.0,0.0,139252.0,246.0,309.0,877.0,600.0,2344.0,1802.0,3545.0,4519.0,6325.0,5592.0,12092.0,12183.0,11303.0,10349.0,7669.0,8733.0,10139.0,8272.0,12973.0,19380.0,286193.0,121183.0,0.0,121183.0,68.0,162.0,1068.0,939.0,2028.0,2318.0,3344.0,3841.0,5880.0,4750.0,11037.0,12874.0,11995.0,11052.0,8254.0,7427.0,10915.0,6189.0,8297.0,8745.0,971.0,1129.0,1358.0,479.0,355699.0,316506.0,281729.0,34777.0,25949.0,5700.0,3128.0,7621.0,7252.0,127.0,48.0,194.0,0.0,726.0,7267.0,3463.0,20116.0,335583.0,28798.0,40479.0,58370.0,65579.0,27740.0,57309.0,20804.0,20777.0,15727.0,148731.0,105004.0,8025.0,4976.0,5817.0,10580.0,43727.0,1311.0,747.0,849.0,2265.0,124766.0,11343.0,8543.0,10827.0,25917.0,8230290.0
8,"Montgomery County, Tennessee",0500000US47125,188624.0,51921.0,50400.0,197.0,46378.0,3825.0,1521.0,120465.0,113529.0,594.0,102956.0,9979.0,6936.0,16238.0,12366.0,183.0,10831.0,1352.0,3872.0,117962.0,1200.0,0.0,0.0,40.0,15.0,81.0,21.0,66.0,470.0,277.0,827.0,1142.0,1141.0,2240.0,2095.0,28834.0,5894.0,9398.0,22502.0,10773.0,21201.0,7801.0,1021.0,923.0,145184.0,72225.0,4748.0,1752.0,122.0,1630.0,1299.0,331.0,2996.0,3725.0,2721.0,725.0,1996.0,1768.0,228.0,1004.0,5661.0,5068.0,1925.0,3143.0,2969.0,174.0,593.0,10551.0,9667.0,3243.0,6424.0,5898.0,526.0,884.0,8656.0,7737.0,2235.0,5502.0,5220.0,282.0,919.0,12708.0,11389.0,2635.0,8754.0,8361.0,393.0,1319.0,10521.0,8531.0,754.0,7777.0,7519.0,258.0,1990.0,4493.0,3449.0,5.0,3444.0,3241.0,203.0,1044.0,1639.0,1042.0,0.0,1042.0,1026.0,16.0,597.0,2113.0,1118.0,0.0,1118.0,1095.0,23.0,995.0,3067.0,1060.0,1052.0,8.0,2007.0,1685.0,265.0,262.0,3.0,1420.0,2658.0,277.0,233.0,44.0,2381.0,72959.0,4910.0,2162.0,11.0,2151.0,1803.0,348.0,2748.0,3579.0,2482.0,131.0,2351.0,2040.0,311.0,1097.0,4599.0,3405.0,216.0,3189.0,2837.0,352.0,1194.0,9444.0,6723.0,257.0,6466.0,5726.0,740.0,2721.0,8087.0,5504.0,264.0,5240.0,4720.0,520.0,2583.0,12663.0,8780.0,167.0,8613.0,7757.0,856.0,3883.0,11124.0,7668.0,33.0,7635.0,7225.0,410.0,3456.0,4559.0,2826.0,0.0,2826.0,2746.0,80.0,1733.0,2107.0,1032.0,0.0,1032.0,1019.0,13.0,1075.0,2583.0,997.0,0.0,997.0,925.0,72.0,1586.0,3318.0,623.0,596.0,27.0,2695.0,2178.0,263.0,240.0,23.0,1915.0,3808.0,161.0,145.0,16.0,3647.0,53737.0,32018.0,55396.0,63232.0,47068.0,53737.0,68904.0,5038.0,2363.0,2874.0,3303.0,3641.0,3583.0,3936.0,3522.0,3252.0,6534.0,8996.0,9851.0,5097.0,2821.0,2560.0,1533.0,99841.0,55517.0,2382.0,1429.0,1570.0,1088.0,1727.0,1528.0,1813.0,1418.0,2270.0,2085.0,4219.0,4174.0,3785.0,4373.0,2808.0,3475.0,4792.0,3446.0,3876.0,3259.0,44324.0,3615.0,2947.0,2639.0,2021.0,2512.0,1688.0,2141.0,1639.0,2451.0,1648.0,3532.0,3135.0,3271.0,2395.0,2055.0,1775.0,1694.0,1160.0,1005.0,1001.0,30784.0,42681.0,0.0,42681.0,25.0,67.0,367.0,208.0,407.0,724.0,984.0,978.0,1764.0,1800.0,3608.0,3922.0,3473.0,4232.0,2553.0,3195.0,4505.0,3271.0,3535.0,3063.0,72959.0,25365.0,0.0,25365.0,71.0,178.0,243.0,409.0,888.0,580.0,1134.0,835.0,1607.0,1276.0,2674.0,2725.0,2914.0,2100.0,1797.0,1587.0,1454.0,1097.0,948.0,848.0,931.0,1013.0,1190.0,395.0,88334.0,82663.0,76682.0,5981.0,4453.0,743.0,785.0,805.0,805.0,0.0,0.0,0.0,0.0,44.0,1287.0,1267.0,2268.0,86066.0,9052.0,10215.0,16064.0,15495.0,6180.0,11603.0,4876.0,5780.0,6801.0,40631.0,29593.0,1913.0,1446.0,1491.0,2787.0,11038.0,313.0,151.0,120.0,362.0,28273.0,2139.0,2341.0,2446.0,4820.0,2145970.0
9,"Dickson County, Tennessee",0500000US47043,50622.0,12128.0,10926.0,60.0,9749.0,1117.0,1202.0,30934.0,26540.0,231.0,22963.0,3346.0,4394.0,7560.0,4596.0,92.0,4169.0,335.0,2964.0,35020.0,486.0,0.0,12.0,0.0,28.0,97.0,68.0,52.0,50.0,279.0,870.0,688.0,1514.0,1363.0,464.0,11976.0,3116.0,2436.0,4533.0,1848.0,3379.0,1155.0,321.0,285.0,40674.0,19601.0,1433.0,512.0,0.0,512.0,482.0,30.0,921.0,826.0,531.0,0.0,531.0,494.0,37.0,295.0,669.0,543.0,0.0,543.0,454.0,89.0,126.0,1577.0,1347.0,10.0,1337.0,1266.0,71.0,230.0,1461.0,1120.0,0.0,1120.0,1112.0,8.0,341.0,3248.0,2816.0,7.0,2809.0,2747.0,62.0,432.0,3652.0,2972.0,1.0,2971.0,2954.0,17.0,680.0,1770.0,1263.0,0.0,1263.0,1201.0,62.0,507.0,666.0,361.0,0.0,361.0,359.0,2.0,305.0,799.0,330.0,0.0,330.0,330.0,0.0,469.0,1226.0,394.0,383.0,11.0,832.0,994.0,156.0,142.0,14.0,838.0,1280.0,47.0,47.0,0.0,1233.0,21073.0,1168.0,539.0,0.0,539.0,465.0,74.0,629.0,499.0,314.0,0.0,314.0,280.0,34.0,185.0,1059.0,592.0,0.0,592.0,508.0,84.0,467.0,1731.0,1224.0,0.0,1224.0,1084.0,140.0,507.0,1610.0,1099.0,0.0,1099.0,1010.0,89.0,511.0,3247.0,2283.0,0.0,2283.0,2125.0,158.0,964.0,3868.0,2778.0,0.0,2778.0,2711.0,67.0,1090.0,2032.0,1105.0,0.0,1105.0,1050.0,55.0,927.0,587.0,321.0,0.0,321.0,321.0,0.0,266.0,958.0,386.0,0.0,386.0,386.0,0.0,572.0,1420.0,354.0,354.0,0.0,1066.0,1099.0,105.0,96.0,9.0,994.0,1795.0,93.0,93.0,0.0,1702.0,47398.0,29164.0,49880.0,57206.0,37454.0,47398.0,19032.0,1499.0,981.0,1066.0,1154.0,1220.0,945.0,1064.0,1020.0,1165.0,1531.0,1833.0,2340.0,1548.0,532.0,505.0,629.0,24706.0,13079.0,825.0,384.0,545.0,387.0,393.0,481.0,351.0,390.0,595.0,303.0,887.0,1125.0,904.0,804.0,626.0,671.0,949.0,752.0,894.0,813.0,11627.0,658.0,550.0,450.0,512.0,636.0,556.0,525.0,570.0,852.0,474.0,1077.0,966.0,539.0,917.0,540.0,442.0,435.0,199.0,361.0,368.0,29838.0,9471.0,0.0,9471.0,67.0,24.0,12.0,39.0,152.0,229.0,234.0,250.0,450.0,200.0,808.0,1015.0,837.0,694.0,565.0,656.0,863.0,742.0,866.0,768.0,21073.0,7601.0,0.0,7601.0,8.0,5.0,38.0,155.0,290.0,137.0,249.0,426.0,680.0,364.0,947.0,852.0,529.0,827.0,510.0,379.0,372.0,163.0,341.0,329.0,736.0,792.0,1131.0,369.0,22248.0,20719.0,18201.0,2518.0,1888.0,326.0,304.0,133.0,133.0,0.0,0.0,0.0,0.0,0.0,472.0,186.0,738.0,21510.0,2659.0,2690.0,2851.0,1861.0,1084.0,2035.0,1431.0,3725.0,3174.0,13571.0,8086.0,440.0,298.0,417.0,752.0,5485.0,129.0,56.0,97.0,195.0,5461.0,588.0,249.0,347.0,975.0,681830.0
10,"Rutherford County, Tennessee",0500000US47149,293634.0,74565.0,72660.0,388.0,64328.0,7944.0,1905.0,190852.0,182730.0,419.0,160749.0,21562.0,8122.0,28217.0,22865.0,245.0,20026.0,2594.0,5352.0,185540.0,1789.0,0.0,15.0,8.0,37.0,129.0,221.0,290.0,1087.0,598.0,1887.0,2131.0,2790.0,3236.0,2760.0,43427.0,9490.0,11840.0,30370.0,14411.0,41285.0,13096.0,2490.0,2153.0,231426.0,112923.0,8554.0,3736.0,12.0,3724.0,3076.0,648.0,4818.0,6125.0,4585.0,71.0,4514.0,4171.0,343.0,1540.0,8562.0,7345.0,28.0,7317.0,6642.0,675.0,1217.0,11087.0,10146.0,22.0,10124.0,9216.0,908.0,941.0,10763.0,9812.0,38.0,9774.0,9477.0,297.0,951.0,20813.0,19300.0,98.0,19202.0,18499.0,703.0,1513.0,19332.0,17363.0,46.0,17317.0,16931.0,386.0,1969.0,8512.0,6972.0,4.0,6968.0,6791.0,177.0,1540.0,2997.0,2100.0,0.0,2100.0,2034.0,66.0,897.0,3416.0,2062.0,0.0,2062.0,1963.0,99.0,1354.0,5085.0,1894.0,1842.0,52.0,3191.0,3387.0,643.0,622.0,21.0,2744.0,4290.0,418.0,407.0,11.0,3872.0,118503.0,8175.0,3762.0,0.0,3762.0,3150.0,612.0,4413.0,5658.0,4410.0,0.0,4410.0,3897.0,513.0,1248.0,8812.0,7490.0,0.0,7490.0,6887.0,603.0,1322.0,10617.0,8734.0,0.0,8734.0,8540.0,194.0,1883.0,11075.0,8645.0,66.0,8579.0,8330.0,249.0,2430.0,21755.0,17182.0,17.0,17165.0,16671.0,494.0,4573.0,20145.0,15586.0,0.0,15586.0,14684.0,902.0,4559.0,8800.0,5559.0,0.0,5559.0,5444.0,115.0,3241.0,2717.0,1541.0,0.0,1541.0,1532.0,9.0,1176.0,4638.0,2154.0,0.0,2154.0,2042.0,112.0,2484.0,5397.0,1472.0,1422.0,50.0,3925.0,4279.0,473.0,465.0,8.0,3806.0,6435.0,194.0,194.0,0.0,6241.0,62149.0,32549.0,66181.0,75143.0,43866.0,62149.0,106673.0,5152.0,3373.0,4167.0,4282.0,4579.0,4870.0,5007.0,5327.0,4714.0,9945.0,12917.0,16564.0,10794.0,5907.0,5479.0,3596.0,169913.0,89323.0,4468.0,3605.0,3064.0,2008.0,3832.0,1788.0,2754.0,1834.0,3886.0,2776.0,4777.0,5888.0,6015.0,6179.0,3719.0,5968.0,7456.0,4722.0,6999.0,7585.0,80590.0,4953.0,3976.0,4042.0,3108.0,4236.0,3203.0,3824.0,2763.0,3799.0,2773.0,6018.0,5684.0,6100.0,5242.0,3696.0,4099.0,4474.0,2605.0,3333.0,2662.0,32486.0,63575.0,0.0,63575.0,58.0,82.0,486.0,271.0,1066.0,526.0,1241.0,996.0,2869.0,1955.0,3458.0,5152.0,5429.0,5667.0,3517.0,5522.0,7085.0,4489.0,6537.0,7169.0,118503.0,48960.0,0.0,48960.0,45.0,92.0,346.0,402.0,1153.0,1115.0,1544.0,1628.0,2294.0,2003.0,4529.0,4878.0,5469.0,4555.0,3231.0,3834.0,3981.0,2410.0,3134.0,2317.0,958.0,1078.0,1268.0,414.0,152647.0,143395.0,129080.0,14315.0,11492.0,1685.0,1138.0,466.0,450.0,0.0,16.0,0.0,0.0,360.0,1202.0,1324.0,5900.0,146747.0,12672.0,18891.0,23709.0,21370.0,7336.0,18964.0,10343.0,18043.0,15419.0,69934.0,50853.0,3447.0,1776.0,1936.0,3705.0,19081.0,256.0,156.0,245.0,656.0,36739.0,3326.0,2129.0,2801.0,7486.0,4176270.0
11,"Wilson County, Tennessee",0500000US47189,127330.0,31102.0,30156.0,18.0,28476.0,1662.0,946.0,77710.0,73409.0,195.0,68385.0,4829.0,4301.0,18518.0,14957.0,205.0,13192.0,1560.0,3561.0,88039.0,537.0,0.0,14.0,38.0,0.0,7.0,95.0,151.0,329.0,206.0,1226.0,1048.0,1583.0,1670.0,1249.0,22325.0,3861.0,6803.0,13267.0,7495.0,18391.0,5962.0,1066.0,716.0,101456.0,49127.0,3436.0,1557.0,0.0,1557.0,1338.0,219.0,1879.0,1413.0,1193.0,0.0,1193.0,1031.0,162.0,220.0,2144.0,1870.0,0.0,1870.0,1668.0,202.0,274.0,3331.0,3047.0,23.0,3024.0,2765.0,259.0,284.0,3861.0,3315.0,7.0,3308.0,3165.0,143.0,546.0,8498.0,7949.0,58.0,7891.0,7622.0,269.0,549.0,9584.0,7986.0,58.0,7928.0,7711.0,217.0,1598.0,4265.0,3507.0,0.0,3507.0,3340.0,167.0,758.0,1804.0,1404.0,0.0,1404.0,1362.0,42.0,400.0,2129.0,1026.0,0.0,1026.0,1004.0,22.0,1103.0,3373.0,1153.0,1133.0,20.0,2220.0,2428.0,476.0,476.0,0.0,1952.0,2861.0,282.0,282.0,0.0,2579.0,52329.0,3133.0,1396.0,0.0,1396.0,1257.0,139.0,1737.0,1326.0,1032.0,0.0,1032.0,949.0,83.0,294.0,1965.0,1572.0,0.0,1572.0,1491.0,81.0,393.0,3567.0,2824.0,0.0,2824.0,2739.0,85.0,743.0,4064.0,3193.0,0.0,3193.0,2940.0,253.0,871.0,9118.0,7146.0,0.0,7146.0,6979.0,167.0,1972.0,9955.0,7622.0,0.0,7622.0,7341.0,281.0,2333.0,4683.0,3024.0,0.0,3024.0,2904.0,120.0,1659.0,1598.0,931.0,0.0,931.0,931.0,0.0,667.0,2574.0,1322.0,0.0,1322.0,1302.0,20.0,1252.0,3865.0,970.0,955.0,15.0,2895.0,2552.0,415.0,410.0,5.0,2137.0,3929.0,127.0,112.0,15.0,3802.0,66123.0,37829.0,75509.0,74543.0,47013.0,66123.0,47213.0,2007.0,1521.0,1589.0,1880.0,2043.0,1953.0,2290.0,2230.0,1768.0,3797.0,5453.0,6933.0,5113.0,2908.0,3095.0,2633.0,69466.0,36250.0,1537.0,1066.0,995.0,549.0,1614.0,721.0,985.0,637.0,1112.0,1151.0,1697.0,2487.0,2663.0,2615.0,1330.0,2107.0,3056.0,1873.0,3141.0,4914.0,33216.0,2155.0,1322.0,1750.0,790.0,1477.0,1224.0,1382.0,984.0,1487.0,889.0,2428.0,2111.0,2445.0,2470.0,1336.0,1480.0,2176.0,1427.0,2194.0,1689.0,36813.0,26509.0,0.0,26509.0,21.0,32.0,109.0,68.0,479.0,264.0,497.0,370.0,812.0,721.0,1363.0,1923.0,2411.0,2351.0,1168.0,1920.0,2936.0,1717.0,2883.0,4464.0,52329.0,20499.0,0.0,20499.0,30.0,69.0,229.0,69.0,353.0,397.0,382.0,529.0,992.0,630.0,1755.0,1645.0,2097.0,2111.0,1141.0,1185.0,2092.0,1285.0,2022.0,1486.0,950.0,1103.0,1481.0,432.0,61983.0,57190.0,51770.0,5420.0,4358.0,810.0,252.0,516.0,155.0,0.0,0.0,361.0,0.0,26.0,407.0,516.0,3328.0,58655.0,5111.0,5652.0,7664.0,7658.0,3686.0,8993.0,6084.0,8396.0,5411.0,36338.0,24171.0,1825.0,709.0,1264.0,2530.0,12167.0,279.0,177.0,224.0,370.0,10875.0,924.0,668.0,888.0,1961.0,1761900.0
12,"Houston County, Tennessee",0500000US47083,7965.0,1832.0,1672.0,37.0,1449.0,186.0,160.0,4610.0,3972.0,26.0,3488.0,458.0,638.0,1523.0,759.0,49.0,657.0,53.0,764.0,5714.0,68.0,0.0,0.0,0.0,0.0,38.0,0.0,2.0,13.0,13.0,200.0,101.0,386.0,365.0,118.0,2226.0,421.0,397.0,538.0,214.0,474.0,104.0,12.0,24.0,6581.0,3251.0,198.0,106.0,0.0,106.0,68.0,38.0,92.0,115.0,72.0,0.0,72.0,52.0,20.0,43.0,141.0,87.0,0.0,87.0,87.0,0.0,54.0,204.0,138.0,0.0,138.0,138.0,0.0,66.0,253.0,220.0,0.0,220.0,216.0,4.0,33.0,456.0,405.0,0.0,405.0,386.0,19.0,51.0,544.0,449.0,0.0,449.0,449.0,0.0,95.0,329.0,203.0,0.0,203.0,192.0,11.0,126.0,110.0,86.0,0.0,86.0,86.0,0.0,24.0,129.0,40.0,0.0,40.0,40.0,0.0,89.0,249.0,75.0,75.0,0.0,174.0,267.0,22.0,22.0,0.0,245.0,256.0,21.0,21.0,0.0,235.0,3330.0,228.0,42.0,0.0,42.0,25.0,17.0,186.0,104.0,33.0,0.0,33.0,9.0,24.0,71.0,81.0,42.0,0.0,42.0,18.0,24.0,39.0,216.0,105.0,0.0,105.0,105.0,0.0,111.0,230.0,144.0,0.0,144.0,129.0,15.0,86.0,451.0,275.0,0.0,275.0,262.0,13.0,176.0,558.0,342.0,0.0,342.0,313.0,29.0,216.0,360.0,175.0,0.0,175.0,175.0,0.0,185.0,82.0,36.0,0.0,36.0,36.0,0.0,46.0,132.0,35.0,0.0,35.0,35.0,0.0,97.0,264.0,57.0,57.0,0.0,207.0,246.0,18.0,18.0,0.0,228.0,378.0,35.0,35.0,0.0,343.0,41820.0,38802.0,44911.0,44152.0,34688.0,41820.0,2999.0,246.0,220.0,192.0,197.0,244.0,104.0,188.0,257.0,185.0,311.0,279.0,266.0,135.0,72.0,43.0,60.0,3422.0,1998.0,105.0,39.0,107.0,46.0,131.0,60.0,175.0,31.0,90.0,94.0,199.0,134.0,136.0,146.0,44.0,100.0,98.0,90.0,115.0,58.0,1424.0,167.0,52.0,70.0,107.0,47.0,98.0,103.0,58.0,71.0,51.0,149.0,120.0,61.0,72.0,91.0,12.0,60.0,0.0,3.0,32.0,25102.0,1397.0,2.0,1395.0,25.0,0.0,0.0,0.0,35.0,18.0,96.0,30.0,65.0,82.0,171.0,132.0,130.0,136.0,44.0,90.0,88.0,80.0,115.0,58.0,3330.0,827.0,0.0,827.0,6.0,0.0,0.0,24.0,16.0,24.0,60.0,48.0,71.0,30.0,140.0,120.0,37.0,55.0,91.0,12.0,58.0,0.0,3.0,32.0,654.0,652.0,927.0,344.0,2910.0,2709.0,2390.0,319.0,235.0,81.0,3.0,8.0,8.0,0.0,0.0,0.0,0.0,0.0,87.0,13.0,93.0,2817.0,389.0,284.0,467.0,117.0,75.0,190.0,233.0,500.0,562.0,2315.0,1242.0,89.0,37.0,82.0,137.0,1073.0,28.0,29.0,45.0,51.0,684.0,15.0,35.0,51.0,114.0,96845.0
13,"Maury County, Tennessee",0500000US47119,86346.0,20526.0,20096.0,213.0,17563.0,2320.0,430.0,53118.0,49608.0,243.0,44075.0,5290.0,3510.0,12702.0,9653.0,172.0,8768.0,713.0,3049.0,60140.0,553.0,0.0,0.0,15.0,37.0,0.0,21.0,29.0,289.0,349.0,1044.0,685.0,1317.0,1345.0,683.0,17495.0,4335.0,4558.0,9498.0,5457.0,8403.0,2956.0,781.0,290.0,69001.0,32682.0,1841.0,832.0,0.0,832.0,644.0,188.0,1009.0,949.0,632.0,0.0,632.0,461.0,171.0,317.0,1637.0,1443.0,0.0,1443.0,1301.0,142.0,194.0,2729.0,2313.0,0.0,2313.0,2121.0,192.0,416.0,2756.0,2375.0,19.0,2356.0,2243.0,113.0,381.0,5689.0,5174.0,11.0,5163.0,5019.0,144.0,515.0,5480.0,4553.0,0.0,4553.0,4407.0,146.0,927.0,3135.0,2217.0,0.0,2217.0,2189.0,28.0,918.0,1247.0,890.0,0.0,890.0,831.0,59.0,357.0,1496.0,783.0,0.0,783.0,770.0,13.0,713.0,2091.0,687.0,655.0,32.0,1404.0,1644.0,400.0,363.0,37.0,1244.0,1988.0,224.0,183.0,41.0,1764.0,36319.0,1836.0,681.0,0.0,681.0,535.0,146.0,1155.0,811.0,634.0,0.0,634.0,634.0,0.0,177.0,1787.0,1277.0,0.0,1277.0,1145.0,132.0,510.0,3068.0,2505.0,0.0,2505.0,2257.0,248.0,563.0,2972.0,2314.0,0.0,2314.0,2201.0,113.0,658.0,5723.0,4288.0,0.0,4288.0,4076.0,212.0,1435.0,6258.0,4803.0,10.0,4793.0,4493.0,300.0,1455.0,3553.0,2155.0,0.0,2155.0,2008.0,147.0,1398.0,1132.0,448.0,0.0,448.0,448.0,0.0,684.0,1765.0,714.0,0.0,714.0,714.0,0.0,1051.0,2321.0,602.0,559.0,43.0,1719.0,1887.0,240.0,226.0,14.0,1647.0,3206.0,79.0,79.0,0.0,3127.0,52080.0,29504.0,57066.0,61612.0,37232.0,52080.0,33332.0,1769.0,1646.0,2141.0,1874.0,1615.0,1620.0,1957.0,1547.0,1853.0,2974.0,3940.0,4606.0,2502.0,1513.0,857.0,918.0,44210.0,22912.0,1064.0,668.0,696.0,681.0,866.0,689.0,677.0,607.0,885.0,593.0,1601.0,1556.0,1496.0,1383.0,1452.0,1557.0,1711.0,1011.0,1903.0,1816.0,21298.0,1451.0,987.0,1123.0,734.0,1243.0,822.0,779.0,785.0,1518.0,1006.0,1739.0,1811.0,1388.0,1377.0,815.0,1010.0,866.0,777.0,566.0,501.0,30929.0,16480.0,0.0,16480.0,8.0,0.0,155.0,83.0,258.0,211.0,298.0,427.0,585.0,438.0,1356.0,1297.0,1395.0,1278.0,1319.0,1372.0,1612.0,962.0,1770.0,1656.0,36319.0,12795.0,0.0,12795.0,0.0,60.0,22.0,73.0,441.0,312.0,343.0,426.0,1072.0,866.0,1370.0,1550.0,1124.0,1143.0,734.0,847.0,771.0,696.0,472.0,473.0,796.0,894.0,1171.0,386.0,40051.0,37680.0,34335.0,3345.0,2512.0,569.0,264.0,133.0,133.0,0.0,0.0,0.0,0.0,0.0,434.0,440.0,1364.0,38687.0,4845.0,4574.0,4976.0,5202.0,2229.0,4401.0,3073.0,4439.0,4948.0,22891.0,14485.0,876.0,630.0,810.0,1480.0,8406.0,185.0,164.0,162.0,342.0,10441.0,1246.0,712.0,505.0,1968.0,1131915.0
14,Tennessee,0400000US47,6443385.0,1494233.0,1389953.0,4839.0,1206824.0,178290.0,104280.0,3966349.0,3590663.0,17004.0,3153530.0,420129.0,375686.0,982803.0,689859.0,11335.0,596853.0,81671.0,292944.0,4478450.0,49807.0,592.0,1109.0,1768.0,2943.0,9400.0,7625.0,9949.0,30641.0,25610.0,88735.0,76887.0,108484.0,118238.0,71736.0,1189457.0,271907.0,283444.0,650903.0,312442.0,738613.0,301103.0,73194.0,53863.0,5270257.0,2540213.0,173238.0,67723.0,202.0,67521.0,53576.0,13945.0,105515.0,96105.0,67166.0,966.0,66200.0,55899.0,10301.0,28939.0,133424.0,107269.0,2262.0,105007.0,93984.0,11023.0,26155.0,223632.0,192186.0,4144.0,188042.0,172423.0,15619.0,31446.0,210596.0,181892.0,3153.0,178739.0,168638.0,10101.0,28704.0,414598.0,359352.0,4022.0,355330.0,338635.0,16695.0,55246.0,437029.0,357215.0,1496.0,355719.0,339632.0,16087.0,79814.0,213873.0,155992.0,106.0,155886.0,149060.0,6826.0,57881.0,79954.0,51308.0,5.0,51303.0,49216.0,2087.0,28646.0,112097.0,56861.0,0.0,56861.0,54819.0,2042.0,55236.0,166137.0,53233.0,51407.0,1826.0,112904.0,116999.0,23709.0,22879.0,830.0,93290.0,162531.0,15467.0,14847.0,620.0,147064.0,2730044.0,163317.0,66669.0,15.0,66654.0,54040.0,12614.0,96648.0,90427.0,62284.0,154.0,62130.0,54331.0,7799.0,28143.0,135296.0,104526.0,227.0,104299.0,93670.0,10629.0,30770.0,227058.0,175127.0,421.0,174706.0,159926.0,14780.0,51931.0,216498.0,162751.0,379.0,162372.0,151709.0,10663.0,53747.0,424065.0,316263.0,444.0,315819.0,297800.0,18019.0,107802.0,457974.0,328386.0,174.0,328212.0,311602.0,16610.0,129588.0,233468.0,144528.0,13.0,144515.0,138666.0,5849.0,88940.0,88410.0,47560.0,0.0,47560.0,46138.0,1422.0,40850.0,125842.0,52179.0,0.0,52179.0,50638.0,1541.0,73663.0,185540.0,47683.0,45852.0,1831.0,137857.0,136478.0,17482.0,16839.0,643.0,118996.0,245671.0,10738.0,10384.0,354.0,234933.0,48708.0,27001.0,53066.0,56823.0,37586.0,48708.0,2547194.0,200034.0,146404.0,147660.0,152867.0,142625.0,140211.0,132737.0,127434.0,110586.0,213266.0,257530.0,292764.0,181732.0,102356.0,99880.0,99108.0,3342922.0,1744123.0,92331.0,63393.0,64567.0,45881.0,71163.0,49523.0,62736.0,50881.0,81165.0,56584.0,120634.0,126351.0,106098.0,105902.0,73118.0,91484.0,112322.0,80779.0,117194.0,172017.0,1598799.0,118589.0,82767.0,85801.0,62614.0,91179.0,69206.0,77205.0,59956.0,84638.0,60736.0,127843.0,119326.0,101412.0,93946.0,63300.0,62445.0,75947.0,46954.0,59189.0,55746.0,29790.0,1216897.0,131.0,1216766.0,2493.0,1931.0,8188.0,6850.0,20408.0,19085.0,32034.0,33079.0,57757.0,43923.0,98328.0,106981.0,94380.0,95152.0,66477.0,83759.0,104096.0,75192.0,109131.0,157522.0,2730044.0,942905.0,139.0,942766.0,1381.0,2266.0,8417.0,9282.0,24728.0,25870.0,36959.0,37844.0,57590.0,46442.0,100277.0,99401.0,87273.0,81537.0,55190.0,54797.0,67718.0,42129.0,53676.0,49989.0,808.0,831.0,1196.0,371.0,2951964.0,2730706.0,2466424.0,264282.0,205393.0,37190.0,21699.0,22047.0,20540.0,297.0,236.0,783.0,191.0,4120.0,40023.0,33134.0,121934.0,2830030.0,340842.0,392214.0,468119.0,452534.0,198695.0,402491.0,180097.0,219161.0,175877.0,1688565.0,1010943.0,66966.0,43682.0,51859.0,103949.0,677622.0,17134.0,10942.0,14205.0,27063.0,858629.0,70767.0,50832.0,70879.0,180101.0,70147840.0
15,United States,0100000US,312916765.0,73392369.0,69485679.0,236072.0,62315734.0,6933873.0,3906690.0,193305582.0,180576377.0,809146.0,163311925.0,16455306.0,12729205.0,46218814.0,35447252.0,547485.0,31311567.0,3588200.0,10771562.0,216271644.0,3121238.0,39751.0,46579.0,133764.0,292749.0,620670.0,476892.0,681373.0,2622794.0,950430.0,2773314.0,3394121.0,3936071.0,4467173.0,3880195.0,50496716.0,8596896.0,13442760.0,31493074.0,17917481.0,41377068.0,18154808.0,4393328.0,2962399.0,255797692.0,124705496.0,8714712.0,3189187.0,68342.0,3120845.0,2418068.0,702777.0,5525525.0,4751686.0,3280901.0,117181.0,3163720.0,2687826.0,475894.0,1470785.0,6799319.0,5418894.0,156081.0,5262813.0,4665897.0,596916.0,1380425.0,11378442.0,9799421.0,190011.0,9609410.0,8863832.0,745578.0,1579021.0,10877571.0,9601943.0,128883.0,9473060.0,8908063.0,564997.0,1275628.0,20243714.0,17959253.0,165593.0,17793660.0,16921049.0,872611.0,2284461.0,21240123.0,18141212.0,51740.0,18089472.0,17222505.0,866967.0,3098911.0,10433027.0,8053296.0,3730.0,8049566.0,7656750.0,392816.0,2379731.0,3909845.0,2692417.0,465.0,2691952.0,2564674.0,127278.0,1217428.0,5301749.0,2953216.0,0.0,2953216.0,2825786.0,127430.0,2348533.0,7522416.0,2697236.0,2585995.0,111241.0,4825180.0,5335292.0,1143659.0,1096652.0,47007.0,4191633.0,8197600.0,760363.0,730509.0,29854.0,7437237.0,131092196.0,8309371.0,3236387.0,13941.0,3222446.0,2614299.0,608147.0,5072984.0,4483499.0,3053165.0,20043.0,3033122.0,2677603.0,355519.0,1430334.0,6467461.0,4980742.0,26387.0,4954355.0,4476492.0,477863.0,1486719.0,11028476.0,8640514.0,31328.0,8609186.0,7989533.0,619653.0,2387962.0,10759684.0,8215202.0,19230.0,8195972.0,7669418.0,526554.0,2544482.0,20412705.0,15559660.0,23636.0,15536024.0,14673233.0,862791.0,4853045.0,21851020.0,16462333.0,7416.0,16454917.0,15660489.0,794428.0,5388687.0,11090433.0,7478761.0,758.0,7478003.0,7159165.0,318838.0,3611672.0,4207280.0,2445511.0,83.0,2445428.0,2345866.0,99562.0,1761769.0,5805186.0,2675396.0,7.0,2675389.0,2578729.0,96660.0,3129790.0,8404487.0,2310773.0,2225331.0,85442.0,6093714.0,6241194.0,892491.0,859003.0,33488.0,5348703.0,12031400.0,542392.0,522398.0,19994.0,11489008.0,57652.0,29319.0,62913.0,69909.0,41876.0,57652.0,118825921.0,7942251.0,5768114.0,5727180.0,5910725.0,5619002.0,5711286.0,5332778.0,5354520.0,4725195.0,9181800.0,11818514.0,14636046.0,10273788.0,6428069.0,6931136.0,7465517.0,167521926.0,88168269.0,4442445.0,3057458.0,3154143.0,2187020.0,3314947.0,2237822.0,2889890.0,2327411.0,3621444.0,2390935.0,5362595.0,5601471.0,4629995.0,4991367.0,3546234.0,4633437.0,5966178.0,4559538.0,7360160.0,11893779.0,79353657.0,5621839.0,3923953.0,4126915.0,2982059.0,4333779.0,3036495.0,3530551.0,2793921.0,3828882.0,2669705.0,5518939.0,5465130.0,4418270.0,4320340.0,3037821.0,3421637.0,4392918.0,3109698.0,4354271.0,4466534.0,32141.0,61082723.0,6353.0,61076370.0,130111.0,92421.0,381818.0,337161.0,915358.0,819743.0,1350885.0,1374318.0,2364192.0,1767484.0,4128423.0,4557160.0,3950763.0,4333923.0,3145807.0,4129742.0,5399260.0,4168568.0,6760660.0,10968573.0,131092196.0,45371686.0,6053.0,45365633.0,70208.0,93076.0,377730.0,377572.0,998565.0,994403.0,1486138.0,1533261.0,2282546.0,1841646.0,4018440.0,4268414.0,3637717.0,3599341.0,2573028.0,2891010.0,3777726.0,2706040.0,3835672.0,4003100.0,982.0,1089.0,1515.0,474.0,148432042.0,127053717.0,113464765.0,13588952.0,10369973.0,1894727.0,1324252.0,7607907.0,3775804.0,87817.0,2821237.0,866557.0,56492.0,871695.0,4049337.0,1821976.0,7027410.0,141404632.0,17921724.0,19241335.0,21633308.0,20585782.0,8998679.0,19345968.0,9634261.0,11464394.0,12579181.0,75833135.0,48185314.0,3459412.0,2316577.0,2779107.0,5575484.0,27647821.0,833791.0,589319.0,740268.0,1645131.0,42992786.0,3633936.0,2666134.0,3667321.0,10170930.0,3730653340.0
16,GNRC,,1857846.0,452805.0,436227.0,1180.0,392335.0,42712.0,16578.0,1185526.0,1116271.0,3426.0,1008015.0,104830.0,69255.0,219515.0,169414.0,2051.0,150772.0,16591.0,50101.0,1254776.0,13777.0,93.0,651.0,362.0,547.0,1946.0,1861.0,2015.0,7238.0,4575.0,14427.0,15997.0,21391.0,26535.0,19242.0,280010.0,56218.0,78122.0,187038.0,90359.0,282259.0,107041.0,24842.0,18230.0,1488640.0,719568.0,49182.0,20993.0,134.0,20859.0,17107.0,3752.0,28189.0,27443.0,20238.0,813.0,19425.0,17193.0,2232.0,7205.0,41043.0,34327.0,2014.0,32313.0,29678.0,2635.0,6716.0,73894.0,66605.0,3510.0,63095.0,59232.0,3863.0,7289.0,70535.0,63895.0,2457.0,61438.0,59264.0,2174.0,6640.0,128704.0,118064.0,3007.0,115057.0,111459.0,3598.0,10640.0,124325.0,108263.0,968.0,107295.0,103804.0,3491.0,16062.0,57956.0,46293.0,45.0,46248.0,44207.0,2041.0,11663.0,21610.0,15340.0,0.0,15340.0,14904.0,436.0,6270.0,26134.0,15112.0,0.0,15112.0,14560.0,552.0,11022.0,39245.0,14913.0,14563.0,350.0,24332.0,24954.0,5906.0,5750.0,156.0,19048.0,34543.0,4089.0,3956.0,133.0,30454.0,769072.0,47338.0,20835.0,11.0,20824.0,17453.0,3371.0,26503.0,25453.0,18519.0,147.0,18372.0,16122.0,2250.0,6934.0,43405.0,35018.0,224.0,34794.0,32083.0,2711.0,8387.0,76302.0,61498.0,289.0,61209.0,57958.0,3251.0,14804.0,72680.0,56791.0,330.0,56461.0,53703.0,2758.0,15889.0,131481.0,99652.0,235.0,99417.0,94936.0,4481.0,31829.0,129868.0,98040.0,69.0,97971.0,93120.0,4851.0,31828.0,62097.0,41100.0,0.0,41100.0,39715.0,1385.0,20997.0,23155.0,13018.0,0.0,13018.0,12631.0,387.0,10137.0,30737.0,14854.0,0.0,14854.0,14393.0,461.0,15883.0,43977.0,12868.0,12404.0,464.0,31109.0,29430.0,4260.0,4107.0,153.0,25170.0,53149.0,2566.0,2493.0,73.0,50583.0,730211.0,490301.0,794115.0,823043.0,558745.0,730211.0,711137.0,40493.0,26518.0,28895.0,34109.0,32600.0,33426.0,35001.0,34786.0,30614.0,60799.0,78063.0,95759.0,63548.0,37108.0,38482.0,40936.0,1053923.0,553418.0,27257.0,18469.0,17142.0,11923.0,19923.0,13094.0,17042.0,15311.0,22991.0,17252.0,35284.0,37970.0,34796.0,34564.0,22705.0,30007.0,37863.0,28127.0,43567.0,68131.0,500505.0,34851.0,24480.0,24240.0,17101.0,23985.0,18522.0,20374.0,16480.0,24347.0,16915.0,36965.0,37472.0,34362.0,32017.0,23078.0,21951.0,28299.0,17134.0,23632.0,24300.0,411609.0,394846.0,6.0,394840.0,746.0,624.0,2155.0,1596.0,5319.0,4820.0,8193.0,9447.0,15827.0,12886.0,27867.0,31631.0,30718.0,30892.0,20495.0,27291.0,35252.0,26243.0,40114.0,62724.0,769072.0,302811.0,48.0,302763.0,355.0,730.0,2645.0,2462.0,6272.0,6196.0,8868.0,9586.0,15120.0,12126.0,27986.0,30370.0,29655.0,27201.0,19897.0,19343.0,25174.0,15378.0,21798.0,21601.0,11166.0,12490.0,16287.0,5278.0,940405.0,856522.0,771635.0,84887.0,65312.0,12339.0,7236.0,10485.0,9584.0,152.0,88.0,639.0,22.0,1339.0,12991.0,10199.0,48869.0,891536.0,83995.0,106130.0,138846.0,140682.0,62715.0,137882.0,68198.0,85496.0,67592.0,459586.0,320104.0,22525.0,13493.0,15873.0,28817.0,139482.0,3148.0,2029.0,2599.0,5641.0,251551.0,21996.0,16415.0,21350.0,49941.0,23883485.0
17,GNRC Region,,1944192.0,473331.0,456323.0,1393.0,409898.0,45032.0,17008.0,1238644.0,1165879.0,3669.0,1052090.0,110120.0,72765.0,232217.0,179067.0,2223.0,159540.0,17304.0,53150.0,1314916.0,14330.0,93.0,651.0,377.0,584.0,1946.0,1882.0,2044.0,7527.0,4924.0,15471.0,16682.0,22708.0,27880.0,19925.0,297505.0,60553.0,82680.0,196536.0,95816.0,290662.0,109997.0,25623.0,18520.0,1557641.0,752250.0,51023.0,21825.0,134.0,21691.0,17751.0,3940.0,29198.0,28392.0,20870.0,813.0,20057.0,17654.0,2403.0,7522.0,42680.0,35770.0,2014.0,33756.0,30979.0,2777.0,6910.0,76623.0,68918.0,3510.0,65408.0,61353.0,4055.0,7705.0,73291.0,66270.0,2476.0,63794.0,61507.0,2287.0,7021.0,134393.0,123238.0,3018.0,120220.0,116478.0,3742.0,11155.0,129805.0,112816.0,968.0,111848.0,108211.0,3637.0,16989.0,61091.0,48510.0,45.0,48465.0,46396.0,2069.0,12581.0,22857.0,16230.0,0.0,16230.0,15735.0,495.0,6627.0,27630.0,15895.0,0.0,15895.0,15330.0,565.0,11735.0,41336.0,15600.0,15218.0,382.0,25736.0,26598.0,6306.0,6113.0,193.0,20292.0,36531.0,4313.0,4139.0,174.0,32218.0,805391.0,49174.0,21516.0,11.0,21505.0,17988.0,3517.0,27658.0,26264.0,19153.0,147.0,19006.0,16756.0,2250.0,7111.0,45192.0,36295.0,224.0,36071.0,33228.0,2843.0,8897.0,79370.0,64003.0,289.0,63714.0,60215.0,3499.0,15367.0,75652.0,59105.0,330.0,58775.0,55904.0,2871.0,16547.0,137204.0,103940.0,235.0,103705.0,99012.0,4693.0,33264.0,136126.0,102843.0,79.0,102764.0,97613.0,5151.0,33283.0,65650.0,43255.0,0.0,43255.0,41723.0,1532.0,22395.0,24287.0,13466.0,0.0,13466.0,13079.0,387.0,10821.0,32502.0,15568.0,0.0,15568.0,15107.0,461.0,16934.0,46298.0,13470.0,12963.0,507.0,32828.0,31317.0,4500.0,4333.0,167.0,26817.0,56355.0,2645.0,2572.0,73.0,53710.0,782291.0,519805.0,851181.0,884655.0,595977.0,782291.0,744469.0,42262.0,28164.0,31036.0,35983.0,34215.0,35046.0,36958.0,36333.0,32467.0,63773.0,82003.0,100365.0,66050.0,38621.0,39339.0,41854.0,1098133.0,576330.0,28321.0,19137.0,17838.0,12604.0,20789.0,13783.0,17719.0,15918.0,23876.0,17845.0,36885.0,39526.0,36292.0,35947.0,24157.0,31564.0,39574.0,29138.0,45470.0,69947.0,521803.0,36302.0,25467.0,25363.0,17835.0,25228.0,19344.0,21153.0,17265.0,25865.0,17921.0,38704.0,39283.0,35750.0,33394.0,23893.0,22961.0,29165.0,17911.0,24198.0,24801.0,442538.0,411326.0,6.0,411320.0,754.0,624.0,2310.0,1679.0,5577.0,5031.0,8491.0,9874.0,16412.0,13324.0,29223.0,32928.0,32113.0,32170.0,21814.0,28663.0,36864.0,27205.0,41884.0,64380.0,805391.0,315606.0,48.0,315558.0,355.0,790.0,2667.0,2535.0,6713.0,6508.0,9211.0,10012.0,16192.0,12992.0,29356.0,31920.0,30779.0,28344.0,20631.0,20190.0,25945.0,16074.0,22270.0,22074.0,11962.0,13384.0,17458.0,5664.0,980456.0,894202.0,805970.0,88232.0,67824.0,12908.0,7500.0,10618.0,9717.0,152.0,88.0,639.0,22.0,1339.0,13425.0,10639.0,50233.0,930223.0,88840.0,110704.0,143822.0,145884.0,64944.0,142283.0,71271.0,89935.0,72540.0,482477.0,334589.0,23401.0,14123.0,16683.0,30297.0,147888.0,3333.0,2193.0,2761.0,5983.0,261992.0,23242.0,17127.0,21855.0,51909.0,25015400.0
18,MPO,,1617771.0,389679.0,376371.0,970.0,338012.0,37389.0,13308.0,1033711.0,978770.0,2544.0,884825.0,91401.0,54941.0,194381.0,153214.0,1737.0,136883.0,14594.0,41167.0,1100595.0,12113.0,93.0,639.0,332.0,533.0,1703.0,1766.0,1847.0,6771.0,4086.0,12162.0,13856.0,17956.0,21646.0,16252.0,236139.0,46884.0,66562.0,161124.0,79283.0,259619.0,98338.0,23961.0,16930.0,1300803.0,625357.0,42424.0,18730.0,12.0,18718.0,15310.0,3408.0,23694.0,22654.0,16680.0,88.0,16592.0,14576.0,2016.0,5974.0,34898.0,29059.0,89.0,28970.0,26538.0,2432.0,5839.0,61754.0,55775.0,215.0,55560.0,52300.0,3260.0,5979.0,60628.0,55178.0,211.0,54967.0,53098.0,1869.0,5450.0,112977.0,104289.0,347.0,103942.0,100820.0,3122.0,8688.0,109078.0,95846.0,213.0,95633.0,92481.0,3152.0,13232.0,51640.0,41384.0,4.0,41380.0,39644.0,1736.0,10256.0,19252.0,14013.0,0.0,14013.0,13581.0,432.0,5239.0,23212.0,13892.0,0.0,13892.0,13371.0,521.0,9320.0,34417.0,13581.0,13234.0,347.0,20836.0,22120.0,5635.0,5483.0,152.0,16485.0,30303.0,3833.0,3703.0,130.0,26470.0,675446.0,41047.0,18026.0,0.0,18026.0,15144.0,2882.0,23021.0,21067.0,15582.0,16.0,15566.0,13707.0,1859.0,5485.0,38118.0,31232.0,8.0,31224.0,28954.0,2270.0,6886.0,65745.0,54161.0,32.0,54129.0,51705.0,2424.0,11584.0,63356.0,50610.0,66.0,50544.0,48398.0,2146.0,12746.0,115786.0,88907.0,68.0,88839.0,85437.0,3402.0,26879.0,114512.0,87886.0,46.0,87840.0,83510.0,4330.0,26626.0,55510.0,37154.0,0.0,37154.0,35781.0,1373.0,18356.0,20308.0,11481.0,0.0,11481.0,11133.0,348.0,8827.0,27483.0,13772.0,0.0,13772.0,13383.0,389.0,13711.0,38990.0,11956.0,11476.0,480.0,27034.0,25981.0,3952.0,3817.0,135.0,22029.0,47543.0,2212.0,2161.0,51.0,45331.0,456322.0,233123.0,494169.0,527510.0,320946.0,456322.0,623540.0,33396.0,23329.0,25185.0,29245.0,27338.0,28906.0,29895.0,29930.0,26557.0,52593.0,67687.0,84004.0,57039.0,34010.0,35349.0,39077.0,930687.0,484801.0,24189.0,16469.0,14977.0,10638.0,17920.0,11059.0,14739.0,13420.0,19722.0,14852.0,30155.0,32378.0,29877.0,29097.0,19706.0,26180.0,32147.0,23831.0,38982.0,64463.0,445886.0,30226.0,20869.0,21160.0,14438.0,20966.0,16156.0,17554.0,14390.0,21670.0,15064.0,32450.0,33631.0,30718.0,28801.0,20622.0,19972.0,26005.0,16016.0,22310.0,22868.0,243976.0,342584.0,4.0,342580.0,618.0,505.0,1894.0,1392.0,4776.0,3819.0,6824.0,8222.0,13267.0,10829.0,23528.0,26417.0,26182.0,25705.0,17748.0,23666.0,29921.0,22160.0,35857.0,59250.0,675446.0,270719.0,48.0,270671.0,223.0,565.0,2191.0,1806.0,5242.0,5434.0,7314.0,8262.0,13248.0,10795.0,24362.0,27027.0,26307.0,24283.0,17682.0,17544.0,23183.0,14322.0,20507.0,20374.0,6820.0,7897.0,9932.0,3100.0,832193.0,755517.0,679651.0,75866.0,58475.0,11231.0,6160.0,9586.0,8707.0,150.0,71.0,636.0,22.0,1261.0,11232.0,8725.0,45872.0,786321.0,73127.0,94688.0,121193.0,124807.0,55371.0,122738.0,60567.0,75625.0,58205.0,403059.0,281549.0,19978.0,11599.0,13882.0,25144.0,121510.0,2703.0,1749.0,2199.0,5028.0,220481.0,19992.0,14215.0,18358.0,44571.0,21045870.0
